{"cameraMode":{"drawMode":0,"name":"Shaded","section":"Shading Mode"},"sceneLighting":false,"audioPlay":false,"sceneViewState":{"m_AlwaysRefresh":false,"showFog":true,"showSkybox":false,"showFlares":true,"showImageEffects":true,"showParticleSystems":true,"showVisualEffectGraphs":true,"m_FxEnabled":true},"in2DMode":false,"pivot":{"x":0.1308974027633667,"y":0.9665905237197876,"z":8.302144050598145},"rotation":{"x":0.5664380192756653,"y":-0.021010233089327813,"z":0.014446670189499855,"w":0.8237153887748718},"size":2.0678367614746095,"orthographic":true}