{"cameraMode":{"drawMode":0,"name":"Shaded","section":"Shading Mode"},"sceneLighting":false,"audioPlay":false,"sceneViewState":{"m_AlwaysRefresh":false,"showFog":true,"showSkybox":false,"showFlares":true,"showImageEffects":true,"showParticleSystems":true,"showVisualEffectGraphs":true,"m_FxEnabled":true},"in2DMode":false,"pivot":{"x":-0.8609760999679565,"y":2.403428077697754,"z":0.0025600194931030275},"rotation":{"x":0.5664380192756653,"y":-0.021010233089327813,"z":0.014446670189499855,"w":0.8237153887748718},"size":2.9135854244232179,"orthographic":true}