{"cameraMode":{"drawMode":0,"name":"Shaded","section":"Shading Mode"},"sceneLighting":true,"audioPlay":false,"sceneViewState":{"m_AlwaysRefresh":false,"showFog":true,"showSkybox":true,"showFlares":true,"showImageEffects":true,"showParticleSystems":true,"showVisualEffectGraphs":true,"m_FxEnabled":true},"in2DMode":false,"pivot":{"x":1.4768544435501099,"y":1.5036009550094605,"z":1.0180004835128785},"rotation":{"x":-0.16278745234012605,"y":0.4338649809360504,"z":-0.08001690357923508,"w":-0.8825464248657227},"size":8.870686531066895,"orthographic":true}